{
    "timestamp":  "20251116-152907",
    "TopN":  20,
    "avgDrawdown":  0.033333333333333333,
    "avgVolatility":  0.023333333333333334,
    "totalShocks":  3,
    "avgAPY":  9.9333333333333336
}
