"COPX","COL"
"831462.1039087340834940412419","962160.5076637532839720964093"
