{
    "COPX":  822887.7402820903362033311489,
    "COL":  972186.0720950292756950264646
}
