{
    "COPX":  836327.1645279325658726624366,
    "COL":  956563.4525952082689041731967
}
