{
  "pair": "XRP/COL",
  "steps": 60,
  "seed": 42,
  "mode": "stub",
  "p_start": 1.002789,
  "p_end": 0.941156,
  "ts": 1762815247.0169928
}