{
  "ok": true,
  "in": 10000.0,
  "out": 12345.679012345732,
  "new_copx": 810000.0,
  "new_col": 987654.3209876543
}