{
  "timestamp": "20251116-051618",
  "ndjson_file": ".artifacts/data\\sim_events_20251116-051618.ndjson",
  "max_ticks": 300,
  "tick_interval_ms": 1000,
  "swaps_executed": 17,
  "total_volume": 26935.918347790895,
  "lp_fee_accum": 476.36787021042505,
  "xrpay_fee_accum": 79.39464503507084,
  "modules": [
    "ticks",
    "volatility",
    "dynamic_spread",
    "swaps_enabled",
    "fee_accumulation"
  ]
}