{
  "timestamp": "20251116-051121",
  "amm_preview": {
    "allowed": true,
    "gross_out": 49.9001996007984,
    "impact": 0.001996007984031936
  },
  "fee_preview": {
    "gross_out": 49.9001996007984,
    "amm_fee": 0.1497005988023952,
    "xrpay_fee": 0.0249500998003992,
    "net_out": 49.725548902195605
  },
  "volatility_adjusted": 49.64293711570029,
  "spread_preview": {
    "mid_price": 0.05,
    "bid_price": 0.049875,
    "ask_price": 0.050125,
    "spread_pct": 0.0025
  }
}