{
  "timestamp": "20251116-052012",
  "ndjson_file": ".artifacts/data\\sim_events_20251116-052012.ndjson",
  "max_ticks": 300,
  "tick_interval_ms": 1000,
  "swaps_executed": 17,
  "total_volume": 26935.918347790895,
  "lp_fee_accum": 476.36787021042505,
  "xrpay_fee_accum": 79.39464503507084,
  "treasury_balance": 79.39464503507084,
  "accounting_events": 1,
  "avg_slippage": 0.05063062776596737,
  "min_slippage": 0.0025627339115017233,
  "max_slippage": 0.18055328246773625,
  "modules": [
    "ticks",
    "volatility",
    "dynamic_spread",
    "swaps_enabled",
    "fee_accumulation",
    "treasury_accounting"
  ]
}